formation_date,effective_date,fund_family,method,fund_name,n_assets,solver_success,fallback_used,message,turnover,transaction_cost
2020-12-31,2021-01-04,Equity-Only,equal_weight,Equity-Only Equal Weight,50,True,False,success,1.0,0.001
2021-01-29,2021-02-01,Equity-Only,equal_weight,Equity-Only Equal Weight,50,True,False,success,0.025333838004933655,2.5333838004933657e-05
2021-02-26,2021-03-01,Equity-Only,equal_weight,Equity-Only Equal Weight,50,True,False,success,0.04808090956608883,4.808090956608883e-05
2021-03-31,2021-04-01,Equity-Only,equal_weight,Equity-Only Equal Weight,50,True,False,success,0.023346292314515283,2.3346292314515285e-05
2021-04-30,2021-05-03,Equity-Only,equal_weight,Equity-Only Equal Weight,50,True,False,success,0.021274224268830237,2.127422426883024e-05
2021-05-28,2021-06-01,Equity-Only,equal_weight,Equity-Only Equal Weight,50,True,False,success,0.020924253875931595,2.0924253875931594e-05
2021-06-30,2021-07-01,Equity-Only,equal_weight,Equity-Only Equal Weight,50,True,False,success,0.026674057733222907,2.667405773322291e-05
2021-07-30,2021-08-02,Equity-Only,equal_weight,Equity-Only Equal Weight,50,True,False,success,0.02229018220706766,2.229018220706766e-05
2021-08-31,2021-09-01,Equity-Only,equal_weight,Equity-Only Equal Weight,50,True,False,success,0.018564143772417663,1.8564143772417664e-05
2021-09-30,2021-10-01,Equity-Only,equal_weight,Equity-Only Equal Weight,50,True,False,success,0.02486109767756457,2.486109767756457e-05
2021-10-29,2021-11-01,Equity-Only,equal_weight,Equity-Only Equal Weight,50,True,False,success,0.030892860165321376,3.089286016532138e-05
2021-11-30,2021-12-01,Equity-Only,equal_weight,Equity-Only Equal Weight,50,True,False,success,0.032735906168173866,3.273590616817387e-05
2021-12-31,2022-01-03,Equity-Only,equal_weight,Equity-Only Equal Weight,50,True,False,success,0.022483032262101896,2.2483032262101896e-05
2022-01-31,2022-02-01,Equity-Only,equal_weight,Equity-Only Equal Weight,50,True,False,success,0.04088312553808704,4.088312553808704e-05
2022-02-28,2022-03-01,Equity-Only,equal_weight,Equity-Only Equal Weight,50,True,False,success,0.028415889189891484,2.8415889189891485e-05
2022-03-31,2022-04-01,Equity-Only,equal_weight,Equity-Only Equal Weight,50,True,False,success,0.033484632764041726,3.3484632764041725e-05
2022-04-29,2022-05-02,Equity-Only,equal_weight,Equity-Only Equal Weight,50,True,False,success,0.03601126689734689,3.601126689734689e-05
2022-05-31,2022-06-01,Equity-Only,equal_weight,Equity-Only Equal Weight,50,True,False,success,0.029982873992492783,2.9982873992492784e-05
2022-06-30,2022-07-01,Equity-Only,equal_weight,Equity-Only Equal Weight,50,True,False,success,0.03573108277745666,3.5731082777456656e-05
2022-07-29,2022-08-01,Equity-Only,equal_weight,Equity-Only Equal Weight,50,True,False,success,0.027947302729232223,2.7947302729232224e-05
2022-08-31,2022-09-01,Equity-Only,equal_weight,Equity-Only Equal Weight,50,True,False,success,0.02191220632830608,2.191220632830608e-05
2022-09-30,2022-10-03,Equity-Only,equal_weight,Equity-Only Equal Weight,50,True,False,success,0.028851780763759747,2.8851780763759748e-05
2022-10-31,2022-11-01,Equity-Only,equal_weight,Equity-Only Equal Weight,50,True,False,success,0.03597641824833057,3.597641824833057e-05
2022-11-30,2022-12-01,Equity-Only,equal_weight,Equity-Only Equal Weight,50,True,False,success,0.028513568246996978,2.851356824699698e-05
2022-12-30,2023-01-03,Equity-Only,equal_weight,Equity-Only Equal Weight,50,True,False,success,0.022242937945455447,2.2242937945455446e-05
2023-01-31,2023-02-01,Equity-Only,equal_weight,Equity-Only Equal Weight,50,True,False,success,0.03226719250383654,3.226719250383654e-05
2023-02-28,2023-03-01,Equity-Only,equal_weight,Equity-Only Equal Weight,50,True,False,success,0.02025530215394364,2.0255302153943638e-05
2023-03-31,2023-04-03,Equity-Only,equal_weight,Equity-Only Equal Weight,50,True,False,success,0.028673054808548773,2.8673054808548774e-05
2023-04-28,2023-05-01,Equity-Only,equal_weight,Equity-Only Equal Weight,50,True,False,success,0.019335278615591072,1.933527861559107e-05
2023-05-31,2023-06-01,Equity-Only,equal_weight,Equity-Only Equal Weight,50,True,False,success,0.031073954582808153,3.1073954582808157e-05
2023-06-30,2023-07-03,Equity-Only,equal_weight,Equity-Only Equal Weight,50,True,False,success,0.01901205678148284,1.901205678148284e-05
2023-07-31,2023-08-01,Equity-Only,equal_weight,Equity-Only Equal Weight,50,True,False,success,0.02208908893646036,2.208908893646036e-05
2023-08-31,2023-09-01,Equity-Only,equal_weight,Equity-Only Equal Weight,50,True,False,success,0.021630116488075425,2.1630116488075426e-05
2023-09-29,2023-10-02,Equity-Only,equal_weight,Equity-Only Equal Weight,50,True,False,success,0.0197643881417311,1.97643881417311e-05
2023-10-31,2023-11-01,Equity-Only,equal_weight,Equity-Only Equal Weight,50,True,False,success,0.022386155925351238,2.238615592535124e-05
2023-11-30,2023-12-01,Equity-Only,equal_weight,Equity-Only Equal Weight,50,True,False,success,0.029474394557912065,2.9474394557912065e-05
2020-12-31,2021-01-04,Equity-Only,minimum_variance,Equity-Only Minimum Variance,50,True,False,success,1.0,0.001
2021-01-29,2021-02-01,Equity-Only,minimum_variance,Equity-Only Minimum Variance,50,True,False,success,0.056334695460281976,5.633469546028198e-05
2021-02-26,2021-03-01,Equity-Only,minimum_variance,Equity-Only Minimum Variance,50,True,False,success,0.09621381264954572,9.621381264954571e-05
2021-03-31,2021-04-01,Equity-Only,minimum_variance,Equity-Only Minimum Variance,50,True,False,success,0.30385092446452816,0.0003038509244645282
2021-04-30,2021-05-03,Equity-Only,minimum_variance,Equity-Only Minimum Variance,50,True,False,success,0.20094122430642253,0.00020094122430642253
2021-05-28,2021-06-01,Equity-Only,minimum_variance,Equity-Only Minimum Variance,50,True,False,success,0.11302939832498579,0.00011302939832498579
2021-06-30,2021-07-01,Equity-Only,minimum_variance,Equity-Only Minimum Variance,50,True,False,success,0.20149473257382228,0.00020149473257382228
2021-07-30,2021-08-02,Equity-Only,minimum_variance,Equity-Only Minimum Variance,50,True,False,success,0.07318479338035028,7.318479338035028e-05
2021-08-31,2021-09-01,Equity-Only,minimum_variance,Equity-Only Minimum Variance,50,True,False,success,0.055577185607518294,5.5577185607518294e-05
2021-09-30,2021-10-01,Equity-Only,minimum_variance,Equity-Only Minimum Variance,50,True,False,success,0.18065303164313307,0.00018065303164313307
2021-10-29,2021-11-01,Equity-Only,minimum_variance,Equity-Only Minimum Variance,50,True,False,success,0.20982916230027798,0.00020982916230027798
2021-11-30,2021-12-01,Equity-Only,minimum_variance,Equity-Only Minimum Variance,50,True,False,success,0.19613850749505832,0.00019613850749505832
2021-12-31,2022-01-03,Equity-Only,minimum_variance,Equity-Only Minimum Variance,50,True,False,success,0.13052707077756254,0.00013052707077756254
2022-01-31,2022-02-01,Equity-Only,minimum_variance,Equity-Only Minimum Variance,50,True,False,success,0.29398715661754665,0.0002939871566175467
2022-02-28,2022-03-01,Equity-Only,minimum_variance,Equity-Only Minimum Variance,50,True,False,success,0.2779993428824436,0.0002779993428824436
2022-03-31,2022-04-01,Equity-Only,minimum_variance,Equity-Only Minimum Variance,50,True,False,success,0.1396929827047656,0.00013969298270476562
2022-04-29,2022-05-02,Equity-Only,minimum_variance,Equity-Only Minimum Variance,50,True,False,success,0.2338796746294009,0.00023387967462940091
2022-05-31,2022-06-01,Equity-Only,minimum_variance,Equity-Only Minimum Variance,50,True,False,success,0.2449800748353758,0.0002449800748353758
2022-06-30,2022-07-01,Equity-Only,minimum_variance,Equity-Only Minimum Variance,50,True,False,success,0.12674633034930827,0.00012674633034930827
2022-07-29,2022-08-01,Equity-Only,minimum_variance,Equity-Only Minimum Variance,50,True,False,success,0.06718594017093327,6.718594017093327e-05
2022-08-31,2022-09-01,Equity-Only,minimum_variance,Equity-Only Minimum Variance,50,True,False,success,0.1661760075101002,0.0001661760075101002
2022-09-30,2022-10-03,Equity-Only,minimum_variance,Equity-Only Minimum Variance,50,True,False,success,0.1844267991844015,0.0001844267991844015
2022-10-31,2022-11-01,Equity-Only,minimum_variance,Equity-Only Minimum Variance,50,True,False,success,0.1517414070176173,0.0001517414070176173
2022-11-30,2022-12-01,Equity-Only,minimum_variance,Equity-Only Minimum Variance,50,True,False,success,0.16073508379489998,0.00016073508379489999
2022-12-30,2023-01-03,Equity-Only,minimum_variance,Equity-Only Minimum Variance,50,True,False,success,0.06885785942375361,6.885785942375361e-05
2023-01-31,2023-02-01,Equity-Only,minimum_variance,Equity-Only Minimum Variance,50,True,False,success,0.08166002664054185,8.166002664054185e-05
2023-02-28,2023-03-01,Equity-Only,minimum_variance,Equity-Only Minimum Variance,50,True,False,success,0.11512898936031926,0.00011512898936031927
2023-03-31,2023-04-03,Equity-Only,minimum_variance,Equity-Only Minimum Variance,50,True,False,success,0.10783120454937735,0.00010783120454937735
2023-04-28,2023-05-01,Equity-Only,minimum_variance,Equity-Only Minimum Variance,50,True,False,success,0.09849515331839144,9.849515331839144e-05
2023-05-31,2023-06-01,Equity-Only,minimum_variance,Equity-Only Minimum Variance,50,True,False,success,0.20508696486828232,0.00020508696486828233
2023-06-30,2023-07-03,Equity-Only,minimum_variance,Equity-Only Minimum Variance,50,True,False,success,0.15717357714399713,0.00015717357714399713
2023-07-31,2023-08-01,Equity-Only,minimum_variance,Equity-Only Minimum Variance,50,True,False,success,0.05246151982195889,5.2461519821958886e-05
2023-08-31,2023-09-01,Equity-Only,minimum_variance,Equity-Only Minimum Variance,50,True,False,success,0.11814936330149504,0.00011814936330149504
2023-09-29,2023-10-02,Equity-Only,minimum_variance,Equity-Only Minimum Variance,50,True,False,success,0.11346489637340727,0.00011346489637340727
2023-10-31,2023-11-01,Equity-Only,minimum_variance,Equity-Only Minimum Variance,50,True,False,success,0.17073743306866432,0.00017073743306866433
2023-11-30,2023-12-01,Equity-Only,minimum_variance,Equity-Only Minimum Variance,50,True,False,success,0.1391031976905462,0.00013910319769054618
2020-12-31,2021-01-04,Equity-Only,maximum_sharpe,Equity-Only Maximum Sharpe,50,True,False,success,1.0,0.001
2021-01-29,2021-02-01,Equity-Only,maximum_sharpe,Equity-Only Maximum Sharpe,50,True,False,success,0.28158405142858445,0.00028158405142858446
2021-02-26,2021-03-01,Equity-Only,maximum_sharpe,Equity-Only Maximum Sharpe,50,True,False,success,0.6190631225264549,0.0006190631225264549
2021-03-31,2021-04-01,Equity-Only,maximum_sharpe,Equity-Only Maximum Sharpe,50,True,False,success,0.6903879290258602,0.0006903879290258602
2021-04-30,2021-05-03,Equity-Only,maximum_sharpe,Equity-Only Maximum Sharpe,50,True,False,success,0.5997789738616628,0.0005997789738616628
2021-05-28,2021-06-01,Equity-Only,maximum_sharpe,Equity-Only Maximum Sharpe,50,True,False,success,0.20518921519901578,0.0002051892151990158
2021-06-30,2021-07-01,Equity-Only,maximum_sharpe,Equity-Only Maximum Sharpe,50,True,False,success,0.465350294627063,0.00046535029462706304
2021-07-30,2021-08-02,Equity-Only,maximum_sharpe,Equity-Only Maximum Sharpe,50,True,False,success,0.19284222853753433,0.00019284222853753434
2021-08-31,2021-09-01,Equity-Only,maximum_sharpe,Equity-Only Maximum Sharpe,50,True,False,success,0.14916763557315546,0.00014916763557315546
2021-09-30,2021-10-01,Equity-Only,maximum_sharpe,Equity-Only Maximum Sharpe,50,True,False,success,0.3359410651113784,0.0003359410651113784
2021-10-29,2021-11-01,Equity-Only,maximum_sharpe,Equity-Only Maximum Sharpe,50,True,False,success,0.44529767735639203,0.00044529767735639205
2021-11-30,2021-12-01,Equity-Only,maximum_sharpe,Equity-Only Maximum Sharpe,50,True,False,success,0.266613139241343,0.00026661313924134303
2021-12-31,2022-01-03,Equity-Only,maximum_sharpe,Equity-Only Maximum Sharpe,50,True,False,success,0.2456347506991143,0.0002456347506991143
2022-01-31,2022-02-01,Equity-Only,maximum_sharpe,Equity-Only Maximum Sharpe,50,True,False,success,0.2749361888167945,0.0002749361888167945
2022-02-28,2022-03-01,Equity-Only,maximum_sharpe,Equity-Only Maximum Sharpe,50,True,False,success,0.1808805413823904,0.0001808805413823904
2022-03-31,2022-04-01,Equity-Only,maximum_sharpe,Equity-Only Maximum Sharpe,50,True,False,success,0.2912910183178494,0.0002912910183178494
2022-04-29,2022-05-02,Equity-Only,maximum_sharpe,Equity-Only Maximum Sharpe,50,True,False,success,0.46525621532128225,0.0004652562153212823
2022-05-31,2022-06-01,Equity-Only,maximum_sharpe,Equity-Only Maximum Sharpe,50,True,False,success,0.5472803946193006,0.0005472803946193006
2022-06-30,2022-07-01,Equity-Only,maximum_sharpe,Equity-Only Maximum Sharpe,50,True,False,success,0.3556773417996955,0.0003556773417996955
2022-07-29,2022-08-01,Equity-Only,maximum_sharpe,Equity-Only Maximum Sharpe,50,True,False,success,0.24240548995566108,0.0002424054899556611
2022-08-31,2022-09-01,Equity-Only,maximum_sharpe,Equity-Only Maximum Sharpe,50,True,False,success,0.2648435729234938,0.0002648435729234938
2022-09-30,2022-10-03,Equity-Only,maximum_sharpe,Equity-Only Maximum Sharpe,50,True,False,success,0.47872837878279784,0.00047872837878279787
2022-10-31,2022-11-01,Equity-Only,maximum_sharpe,Equity-Only Maximum Sharpe,50,True,False,success,0.6220420761922911,0.0006220420761922911
2022-11-30,2022-12-01,Equity-Only,maximum_sharpe,Equity-Only Maximum Sharpe,50,True,False,success,0.40448000674220075,0.00040448000674220074
2022-12-30,2023-01-03,Equity-Only,maximum_sharpe,Equity-Only Maximum Sharpe,50,True,False,success,0.3148852311615137,0.0003148852311615137
2023-01-31,2023-02-01,Equity-Only,maximum_sharpe,Equity-Only Maximum Sharpe,50,True,False,success,0.2836990987193374,0.0002836990987193374
2023-02-28,2023-03-01,Equity-Only,maximum_sharpe,Equity-Only Maximum Sharpe,50,True,False,success,0.2363866130957359,0.00023638661309573588
2023-03-31,2023-04-03,Equity-Only,maximum_sharpe,Equity-Only Maximum Sharpe,50,True,False,success,0.26756259997980547,0.00026756259997980547
2023-04-28,2023-05-01,Equity-Only,maximum_sharpe,Equity-Only Maximum Sharpe,50,True,False,success,0.36705192931790476,0.00036705192931790477
2023-05-31,2023-06-01,Equity-Only,maximum_sharpe,Equity-Only Maximum Sharpe,50,True,False,success,0.30989591918186776,0.00030989591918186775
2023-06-30,2023-07-03,Equity-Only,maximum_sharpe,Equity-Only Maximum Sharpe,50,True,False,success,0.17765402039407538,0.0001776540203940754
2023-07-31,2023-08-01,Equity-Only,maximum_sharpe,Equity-Only Maximum Sharpe,50,True,False,success,0.1391121208655677,0.0001391121208655677
2023-08-31,2023-09-01,Equity-Only,maximum_sharpe,Equity-Only Maximum Sharpe,50,True,False,success,0.15597147913852394,0.00015597147913852394
2023-09-29,2023-10-02,Equity-Only,maximum_sharpe,Equity-Only Maximum Sharpe,50,True,False,success,0.20957253347273114,0.00020957253347273115
2023-10-31,2023-11-01,Equity-Only,maximum_sharpe,Equity-Only Maximum Sharpe,50,True,False,success,0.22598381339808837,0.00022598381339808838
2023-11-30,2023-12-01,Equity-Only,maximum_sharpe,Equity-Only Maximum Sharpe,50,True,False,success,0.2860920031393891,0.0002860920031393891
2020-12-31,2021-01-04,Equity-Only,hrp,Equity-Only HRP,50,True,False,success,1.0,0.001
2021-01-29,2021-02-01,Equity-Only,hrp,Equity-Only HRP,50,True,False,success,0.09583036082552185,9.583036082552185e-05
2021-02-26,2021-03-01,Equity-Only,hrp,Equity-Only HRP,50,True,False,success,0.0882520491725977,8.82520491725977e-05
2021-03-31,2021-04-01,Equity-Only,hrp,Equity-Only HRP,50,True,False,success,0.13348424087569888,0.00013348424087569887
2021-04-30,2021-05-03,Equity-Only,hrp,Equity-Only HRP,50,True,False,success,0.13066022756872914,0.00013066022756872913
2021-05-28,2021-06-01,Equity-Only,hrp,Equity-Only HRP,50,True,False,success,0.11558848596794082,0.00011558848596794082
2021-06-30,2021-07-01,Equity-Only,hrp,Equity-Only HRP,50,True,False,success,0.13951321367797767,0.00013951321367797767
2021-07-30,2021-08-02,Equity-Only,hrp,Equity-Only HRP,50,True,False,success,0.13272435229595478,0.00013272435229595478
2021-08-31,2021-09-01,Equity-Only,hrp,Equity-Only HRP,50,True,False,success,0.12254961438491037,0.00012254961438491036
2021-09-30,2021-10-01,Equity-Only,hrp,Equity-Only HRP,50,True,False,success,0.11350482423756932,0.00011350482423756931
2021-10-29,2021-11-01,Equity-Only,hrp,Equity-Only HRP,50,True,False,success,0.06828883304953355,6.828883304953355e-05
2021-11-30,2021-12-01,Equity-Only,hrp,Equity-Only HRP,50,True,False,success,0.1300128052007226,0.0001300128052007226
2021-12-31,2022-01-03,Equity-Only,hrp,Equity-Only HRP,50,True,False,success,0.1547342606406088,0.0001547342606406088
2022-01-31,2022-02-01,Equity-Only,hrp,Equity-Only HRP,50,True,False,success,0.1354383170783609,0.0001354383170783609
2022-02-28,2022-03-01,Equity-Only,hrp,Equity-Only HRP,50,True,False,success,0.12973546034957817,0.00012973546034957816
2022-03-31,2022-04-01,Equity-Only,hrp,Equity-Only HRP,50,True,False,success,0.15258081018112907,0.00015258081018112906
2022-04-29,2022-05-02,Equity-Only,hrp,Equity-Only HRP,50,True,False,success,0.14518947825053408,0.0001451894782505341
2022-05-31,2022-06-01,Equity-Only,hrp,Equity-Only HRP,50,True,False,success,0.1310829496098145,0.0001310829496098145
2022-06-30,2022-07-01,Equity-Only,hrp,Equity-Only HRP,50,True,False,success,0.12969964165502365,0.00012969964165502365
2022-07-29,2022-08-01,Equity-Only,hrp,Equity-Only HRP,50,True,False,success,0.09791689532106107,9.791689532106107e-05
2022-08-31,2022-09-01,Equity-Only,hrp,Equity-Only HRP,50,True,False,success,0.11516919788889732,0.00011516919788889732
2022-09-30,2022-10-03,Equity-Only,hrp,Equity-Only HRP,50,True,False,success,0.11825344254759687,0.00011825344254759687
2022-10-31,2022-11-01,Equity-Only,hrp,Equity-Only HRP,50,True,False,success,0.11338596001955394,0.00011338596001955394
2022-11-30,2022-12-01,Equity-Only,hrp,Equity-Only HRP,50,True,False,success,0.14870076812377825,0.00014870076812377824
2022-12-30,2023-01-03,Equity-Only,hrp,Equity-Only HRP,50,True,False,success,0.1372150482179178,0.0001372150482179178
2023-01-31,2023-02-01,Equity-Only,hrp,Equity-Only HRP,50,True,False,success,0.15556132622981497,0.00015556132622981497
2023-02-28,2023-03-01,Equity-Only,hrp,Equity-Only HRP,50,True,False,success,0.13886160771615044,0.00013886160771615046
2023-03-31,2023-04-03,Equity-Only,hrp,Equity-Only HRP,50,True,False,success,0.13342807551926442,0.00013342807551926442
2023-04-28,2023-05-01,Equity-Only,hrp,Equity-Only HRP,50,True,False,success,0.07842340395126292,7.842340395126292e-05
2023-05-31,2023-06-01,Equity-Only,hrp,Equity-Only HRP,50,True,False,success,0.10367832749490173,0.00010367832749490173
2023-06-30,2023-07-03,Equity-Only,hrp,Equity-Only HRP,50,True,False,success,0.12262479232998025,0.00012262479232998024
2023-07-31,2023-08-01,Equity-Only,hrp,Equity-Only HRP,50,True,False,success,0.11302102797074692,0.00011302102797074692
2023-08-31,2023-09-01,Equity-Only,hrp,Equity-Only HRP,50,True,False,success,0.11549011318989279,0.0001154901131898928
2023-09-29,2023-10-02,Equity-Only,hrp,Equity-Only HRP,50,True,False,success,0.12494395335083144,0.00012494395335083144
2023-10-31,2023-11-01,Equity-Only,hrp,Equity-Only HRP,50,True,False,success,0.11779019198888685,0.00011779019198888685
2023-11-30,2023-12-01,Equity-Only,hrp,Equity-Only HRP,50,True,False,success,0.11714255149704496,0.00011714255149704496
2020-12-31,2021-01-01,Crypto-Only,equal_weight,Crypto-Only Equal Weight,10,True,False,success,1.0,0.001
2021-01-31,2021-02-01,Crypto-Only,equal_weight,Crypto-Only Equal Weight,10,True,False,success,0.1443455128724216,0.0001443455128724216
2021-02-28,2021-03-01,Crypto-Only,equal_weight,Crypto-Only Equal Weight,10,True,False,success,0.1553366242903741,0.0001553366242903741
2021-03-31,2021-04-01,Crypto-Only,equal_weight,Crypto-Only Equal Weight,10,True,False,success,0.07270729548497037,7.270729548497037e-05
2021-04-30,2021-05-01,Crypto-Only,equal_weight,Crypto-Only Equal Weight,10,True,False,success,0.144162226528111,0.000144162226528111
2021-05-31,2021-06-01,Crypto-Only,equal_weight,Crypto-Only Equal Weight,10,True,False,success,0.16360572693964293,0.00016360572693964294
2021-06-30,2021-07-01,Crypto-Only,equal_weight,Crypto-Only Equal Weight,10,True,False,success,0.04903731964210515,4.903731964210515e-05
2021-07-31,2021-08-01,Crypto-Only,equal_weight,Crypto-Only Equal Weight,10,True,False,success,0.0318343436354012,3.18343436354012e-05
2021-08-31,2021-09-01,Crypto-Only,equal_weight,Crypto-Only Equal Weight,10,True,False,success,0.07355296539279191,7.355296539279191e-05
2021-09-30,2021-10-01,Crypto-Only,equal_weight,Crypto-Only Equal Weight,10,True,False,success,0.04128786692208697,4.1287866922086967e-05
2021-10-31,2021-11-01,Crypto-Only,equal_weight,Crypto-Only Equal Weight,10,True,False,success,0.045124259763769964,4.5124259763769966e-05
2021-11-30,2021-12-01,Crypto-Only,equal_weight,Crypto-Only Equal Weight,10,True,False,success,0.035701051230912856,3.570105123091286e-05
2021-12-31,2022-01-01,Crypto-Only,equal_weight,Crypto-Only Equal Weight,10,True,False,success,0.02441094978076004,2.441094978076004e-05
2022-01-31,2022-02-01,Crypto-Only,equal_weight,Crypto-Only Equal Weight,10,True,False,success,0.02102647982226582,2.1026479822265818e-05
2022-02-28,2022-03-01,Crypto-Only,equal_weight,Crypto-Only Equal Weight,10,True,False,success,0.0405182286518644,4.05182286518644e-05
2022-03-31,2022-04-01,Crypto-Only,equal_weight,Crypto-Only Equal Weight,10,True,False,success,0.04004075397274754,4.004075397274754e-05
2022-04-30,2022-05-01,Crypto-Only,equal_weight,Crypto-Only Equal Weight,10,True,False,success,0.04440722090590187,4.440722090590187e-05
2022-05-31,2022-06-01,Crypto-Only,equal_weight,Crypto-Only Equal Weight,10,True,False,success,0.07635119632023683,7.635119632023683e-05
2022-06-30,2022-07-01,Crypto-Only,equal_weight,Crypto-Only Equal Weight,10,True,False,success,0.06226090409213112,6.226090409213112e-05
2022-07-31,2022-08-01,Crypto-Only,equal_weight,Crypto-Only Equal Weight,10,True,False,success,0.10515057503004757,0.00010515057503004758
2022-08-31,2022-09-01,Crypto-Only,equal_weight,Crypto-Only Equal Weight,10,True,False,success,0.021219935025505142,2.1219935025505144e-05
2022-09-30,2022-10-01,Crypto-Only,equal_weight,Crypto-Only Equal Weight,10,True,False,success,0.05771827862462212,5.7718278624622125e-05
2022-10-31,2022-11-01,Crypto-Only,equal_weight,Crypto-Only Equal Weight,10,True,False,success,0.03099465193839524,3.0994651938395245e-05
2022-11-30,2022-12-01,Crypto-Only,equal_weight,Crypto-Only Equal Weight,10,True,False,success,0.06706297554845739,6.70629755484574e-05
2022-12-31,2023-01-01,Crypto-Only,equal_weight,Crypto-Only Equal Weight,10,True,False,success,0.037304625905124525,3.7304625905124524e-05
2023-01-31,2023-02-01,Crypto-Only,equal_weight,Crypto-Only Equal Weight,10,True,False,success,0.0346019172245578,3.46019172245578e-05
2023-02-28,2023-03-01,Crypto-Only,equal_weight,Crypto-Only Equal Weight,10,True,False,success,0.02330339261562528,2.330339261562528e-05
2023-03-31,2023-04-01,Crypto-Only,equal_weight,Crypto-Only Equal Weight,10,True,False,success,0.059650720856814506,5.965072085681451e-05
2023-04-30,2023-05-01,Crypto-Only,equal_weight,Crypto-Only Equal Weight,10,True,False,success,0.031202949289222362,3.120294928922236e-05
2023-05-31,2023-06-01,Crypto-Only,equal_weight,Crypto-Only Equal Weight,10,True,False,success,0.030471567941276277,3.0471567941276277e-05
2023-06-30,2023-07-01,Crypto-Only,equal_weight,Crypto-Only Equal Weight,10,True,False,success,0.12587665668300388,0.00012587665668300387
2023-07-31,2023-08-01,Crypto-Only,equal_weight,Crypto-Only Equal Weight,10,True,False,success,0.07575423527195271,7.575423527195271e-05
2023-08-31,2023-09-01,Crypto-Only,equal_weight,Crypto-Only Equal Weight,10,True,False,success,0.038754943862288664,3.875494386228866e-05
2023-09-30,2023-10-01,Crypto-Only,equal_weight,Crypto-Only Equal Weight,10,True,False,success,0.021186353438420992,2.1186353438420993e-05
2023-10-31,2023-11-01,Crypto-Only,equal_weight,Crypto-Only Equal Weight,10,True,False,success,0.024196764756997564,2.4196764756997567e-05
2023-11-30,2023-12-01,Crypto-Only,equal_weight,Crypto-Only Equal Weight,10,True,False,success,0.03213161530738916,3.213161530738916e-05
2020-12-31,2021-01-01,Crypto-Only,minimum_variance,Crypto-Only Minimum Variance,10,True,False,success,1.0,0.001
2021-01-31,2021-02-01,Crypto-Only,minimum_variance,Crypto-Only Minimum Variance,10,True,False,success,0.08735720241475746,8.735720241475747e-05
2021-02-28,2021-03-01,Crypto-Only,minimum_variance,Crypto-Only Minimum Variance,10,True,False,success,0.06356320174853547,6.356320174853547e-05
2021-03-31,2021-04-01,Crypto-Only,minimum_variance,Crypto-Only Minimum Variance,10,True,False,success,0.05452850420546754,5.4528504205467536e-05
2021-04-30,2021-05-01,Crypto-Only,minimum_variance,Crypto-Only Minimum Variance,10,True,False,success,0.19734539683539015,0.00019734539683539015
2021-05-31,2021-06-01,Crypto-Only,minimum_variance,Crypto-Only Minimum Variance,10,True,False,success,0.27142458348140164,0.00027142458348140163
2021-06-30,2021-07-01,Crypto-Only,minimum_variance,Crypto-Only Minimum Variance,10,True,False,success,0.01676539686974178,1.676539686974178e-05
2021-07-31,2021-08-01,Crypto-Only,minimum_variance,Crypto-Only Minimum Variance,10,True,False,success,0.006101043531461869,6.101043531461869e-06
2021-08-31,2021-09-01,Crypto-Only,minimum_variance,Crypto-Only Minimum Variance,10,True,False,success,0.017084415173741645,1.7084415173741646e-05
2021-09-30,2021-10-01,Crypto-Only,minimum_variance,Crypto-Only Minimum Variance,10,True,False,success,0.05023916400136073,5.023916400136073e-05
2021-10-31,2021-11-01,Crypto-Only,minimum_variance,Crypto-Only Minimum Variance,10,True,False,success,0.02623391954904565,2.623391954904565e-05
2021-11-30,2021-12-01,Crypto-Only,minimum_variance,Crypto-Only Minimum Variance,10,True,False,success,0.005369496956272472,5.369496956272472e-06
2021-12-31,2022-01-01,Crypto-Only,minimum_variance,Crypto-Only Minimum Variance,10,True,False,success,0.013595549307752898,1.3595549307752899e-05
2022-01-31,2022-02-01,Crypto-Only,minimum_variance,Crypto-Only Minimum Variance,10,True,False,success,0.0019160629403200177,1.9160629403200175e-06
2022-02-28,2022-03-01,Crypto-Only,minimum_variance,Crypto-Only Minimum Variance,10,True,False,success,0.025091282046617328,2.5091282046617328e-05
2022-03-31,2022-04-01,Crypto-Only,minimum_variance,Crypto-Only Minimum Variance,10,True,False,success,0.0,0.0
2022-04-30,2022-05-01,Crypto-Only,minimum_variance,Crypto-Only Minimum Variance,10,True,False,success,0.00902796110047032,9.02796110047032e-06
2022-05-31,2022-06-01,Crypto-Only,minimum_variance,Crypto-Only Minimum Variance,10,True,False,success,0.13886661961859104,0.00013886661961859105
2022-06-30,2022-07-01,Crypto-Only,minimum_variance,Crypto-Only Minimum Variance,10,True,False,success,0.012190752021096915,1.2190752021096915e-05
2022-07-31,2022-08-01,Crypto-Only,minimum_variance,Crypto-Only Minimum Variance,10,True,False,success,0.035031846379006595,3.50318463790066e-05
2022-08-31,2022-09-01,Crypto-Only,minimum_variance,Crypto-Only Minimum Variance,10,True,False,success,0.0050802926771485735,5.080292677148574e-06
2022-09-30,2022-10-01,Crypto-Only,minimum_variance,Crypto-Only Minimum Variance,10,True,False,success,0.14642195507437863,0.00014642195507437865
2022-10-31,2022-11-01,Crypto-Only,minimum_variance,Crypto-Only Minimum Variance,10,True,False,success,0.021629759343858045,2.1629759343858045e-05
2022-11-30,2022-12-01,Crypto-Only,minimum_variance,Crypto-Only Minimum Variance,10,True,False,success,0.06146381034040424,6.146381034040424e-05
2022-12-31,2023-01-01,Crypto-Only,minimum_variance,Crypto-Only Minimum Variance,10,True,False,success,0.013499093876997742,1.3499093876997742e-05
2023-01-31,2023-02-01,Crypto-Only,minimum_variance,Crypto-Only Minimum Variance,10,True,False,success,0.07490640368557208,7.490640368557209e-05
2023-02-28,2023-03-01,Crypto-Only,minimum_variance,Crypto-Only Minimum Variance,10,True,False,success,0.07030723738157901,7.030723738157901e-05
2023-03-31,2023-04-01,Crypto-Only,minimum_variance,Crypto-Only Minimum Variance,10,True,False,success,0.01585303479243405,1.5853034792434052e-05
2023-04-30,2023-05-01,Crypto-Only,minimum_variance,Crypto-Only Minimum Variance,10,True,False,success,0.06912239468960953,6.912239468960953e-05
2023-05-31,2023-06-01,Crypto-Only,minimum_variance,Crypto-Only Minimum Variance,10,True,False,success,0.2846929793750984,0.0002846929793750984
2023-06-30,2023-07-01,Crypto-Only,minimum_variance,Crypto-Only Minimum Variance,10,True,False,success,0.098788412933662,9.8788412933662e-05
2023-07-31,2023-08-01,Crypto-Only,minimum_variance,Crypto-Only Minimum Variance,10,True,False,success,0.10770209574279552,0.00010770209574279552
2023-08-31,2023-09-01,Crypto-Only,minimum_variance,Crypto-Only Minimum Variance,10,True,False,success,0.024714761767352295,2.4714761767352296e-05
2023-09-30,2023-10-01,Crypto-Only,minimum_variance,Crypto-Only Minimum Variance,10,True,False,success,0.10077165467698743,0.00010077165467698743
2023-10-31,2023-11-01,Crypto-Only,minimum_variance,Crypto-Only Minimum Variance,10,True,False,success,0.06978304452164938,6.978304452164938e-05
2023-11-30,2023-12-01,Crypto-Only,minimum_variance,Crypto-Only Minimum Variance,10,True,False,success,0.09585787185025404,9.585787185025405e-05
2020-12-31,2021-01-01,Crypto-Only,maximum_sharpe,Crypto-Only Maximum Sharpe,10,True,False,success,1.0,0.001
2021-01-31,2021-02-01,Crypto-Only,maximum_sharpe,Crypto-Only Maximum Sharpe,10,True,False,success,0.4724340929752581,0.0004724340929752581
2021-02-28,2021-03-01,Crypto-Only,maximum_sharpe,Crypto-Only Maximum Sharpe,10,True,False,success,0.7649682971055646,0.0007649682971055646
2021-03-31,2021-04-01,Crypto-Only,maximum_sharpe,Crypto-Only Maximum Sharpe,10,True,False,success,0.24394830439306686,0.00024394830439306687
2021-04-30,2021-05-01,Crypto-Only,maximum_sharpe,Crypto-Only Maximum Sharpe,10,True,False,success,0.22412261816277101,0.00022412261816277102
2021-05-31,2021-06-01,Crypto-Only,maximum_sharpe,Crypto-Only Maximum Sharpe,10,True,False,success,0.334407380396588,0.00033440738039658803
2021-06-30,2021-07-01,Crypto-Only,maximum_sharpe,Crypto-Only Maximum Sharpe,10,True,False,success,0.06677060042771304,6.677060042771304e-05
2021-07-31,2021-08-01,Crypto-Only,maximum_sharpe,Crypto-Only Maximum Sharpe,10,True,False,success,0.16404552515556314,0.00016404552515556314
2021-08-31,2021-09-01,Crypto-Only,maximum_sharpe,Crypto-Only Maximum Sharpe,10,True,False,success,0.1579187093437806,0.0001579187093437806
2021-09-30,2021-10-01,Crypto-Only,maximum_sharpe,Crypto-Only Maximum Sharpe,10,True,False,success,0.11568306725876765,0.00011568306725876764
2021-10-31,2021-11-01,Crypto-Only,maximum_sharpe,Crypto-Only Maximum Sharpe,10,True,False,success,0.11688473607051181,0.00011688473607051181
2021-11-30,2021-12-01,Crypto-Only,maximum_sharpe,Crypto-Only Maximum Sharpe,10,True,False,success,0.05459499507531815,5.459499507531815e-05
2021-12-31,2022-01-01,Crypto-Only,maximum_sharpe,Crypto-Only Maximum Sharpe,10,True,False,success,0.205501437214762,0.000205501437214762
2022-01-31,2022-02-01,Crypto-Only,maximum_sharpe,Crypto-Only Maximum Sharpe,10,True,False,success,0.377403965919534,0.00037740396591953403
2022-02-28,2022-03-01,Crypto-Only,maximum_sharpe,Crypto-Only Maximum Sharpe,10,True,False,success,0.47295691722854094,0.00047295691722854097
2022-03-31,2022-04-01,Crypto-Only,maximum_sharpe,Crypto-Only Maximum Sharpe,10,True,False,success,0.2793614284069354,0.0002793614284069354
2022-04-30,2022-05-01,Crypto-Only,maximum_sharpe,Crypto-Only Maximum Sharpe,10,True,False,success,0.6833878974284578,0.0006833878974284579
2022-05-31,2022-06-01,Crypto-Only,maximum_sharpe,Crypto-Only Maximum Sharpe,10,True,False,success,1.0,0.001
2022-06-30,2022-07-01,Crypto-Only,maximum_sharpe,Crypto-Only Maximum Sharpe,10,True,False,success,0.0,0.0
2022-07-31,2022-08-01,Crypto-Only,maximum_sharpe,Crypto-Only Maximum Sharpe,10,True,False,success,0.0,0.0
2022-08-31,2022-09-01,Crypto-Only,maximum_sharpe,Crypto-Only Maximum Sharpe,10,True,False,success,0.0,0.0
2022-09-30,2022-10-01,Crypto-Only,maximum_sharpe,Crypto-Only Maximum Sharpe,10,True,False,success,1.0,0.001
2022-10-31,2022-11-01,Crypto-Only,maximum_sharpe,Crypto-Only Maximum Sharpe,10,True,False,success,0.0,0.0
2022-11-30,2022-12-01,Crypto-Only,maximum_sharpe,Crypto-Only Maximum Sharpe,10,True,False,success,0.0,0.0
2022-12-31,2023-01-01,Crypto-Only,maximum_sharpe,Crypto-Only Maximum Sharpe,10,True,False,success,0.0,0.0
2023-01-31,2023-02-01,Crypto-Only,maximum_sharpe,Crypto-Only Maximum Sharpe,10,True,False,success,0.6170796151332432,0.0006170796151332431
2023-02-28,2023-03-01,Crypto-Only,maximum_sharpe,Crypto-Only Maximum Sharpe,10,True,False,success,0.34830495082937973,0.00034830495082937977
2023-03-31,2023-04-01,Crypto-Only,maximum_sharpe,Crypto-Only Maximum Sharpe,10,True,False,success,0.0,0.0
2023-04-30,2023-05-01,Crypto-Only,maximum_sharpe,Crypto-Only Maximum Sharpe,10,True,False,success,0.20033659983898067,0.00020033659983898067
2023-05-31,2023-06-01,Crypto-Only,maximum_sharpe,Crypto-Only Maximum Sharpe,10,True,False,success,0.8135486966763766,0.0008135486966763766
2023-06-30,2023-07-01,Crypto-Only,maximum_sharpe,Crypto-Only Maximum Sharpe,10,True,False,success,0.8321147534465886,0.0008321147534465885
2023-07-31,2023-08-01,Crypto-Only,maximum_sharpe,Crypto-Only Maximum Sharpe,10,True,False,success,0.3845957073519062,0.00038459570735190616
2023-08-31,2023-09-01,Crypto-Only,maximum_sharpe,Crypto-Only Maximum Sharpe,10,True,False,success,0.10543661820286794,0.00010543661820286794
2023-09-30,2023-10-01,Crypto-Only,maximum_sharpe,Crypto-Only Maximum Sharpe,10,True,False,success,0.5820124986844679,0.0005820124986844679
2023-10-31,2023-11-01,Crypto-Only,maximum_sharpe,Crypto-Only Maximum Sharpe,10,True,False,success,0.3712083026571806,0.0003712083026571806
2023-11-30,2023-12-01,Crypto-Only,maximum_sharpe,Crypto-Only Maximum Sharpe,10,True,False,success,0.27467798090432505,0.0002746779809043251
2020-12-31,2021-01-01,Crypto-Only,hrp,Crypto-Only HRP,10,True,False,success,1.0,0.001
2021-01-31,2021-02-01,Crypto-Only,hrp,Crypto-Only HRP,10,True,False,success,0.20220003541166715,0.00020220003541166715
2021-02-28,2021-03-01,Crypto-Only,hrp,Crypto-Only HRP,10,True,False,success,0.12797091639177574,0.00012797091639177573
2021-03-31,2021-04-01,Crypto-Only,hrp,Crypto-Only HRP,10,True,False,success,0.09270653261132414,9.270653261132413e-05
2021-04-30,2021-05-01,Crypto-Only,hrp,Crypto-Only HRP,10,True,False,success,0.18817923678327514,0.00018817923678327513
2021-05-31,2021-06-01,Crypto-Only,hrp,Crypto-Only HRP,10,True,False,success,0.2296807362942988,0.00022968073629429882
2021-06-30,2021-07-01,Crypto-Only,hrp,Crypto-Only HRP,10,True,False,success,0.06111796078985436,6.111796078985436e-05
2021-07-31,2021-08-01,Crypto-Only,hrp,Crypto-Only HRP,10,True,False,success,0.04693355135802384,4.693355135802384e-05
2021-08-31,2021-09-01,Crypto-Only,hrp,Crypto-Only HRP,10,True,False,success,0.06001642865050137,6.0016428650501375e-05
2021-09-30,2021-10-01,Crypto-Only,hrp,Crypto-Only HRP,10,True,False,success,0.04805128483064897,4.805128483064897e-05
2021-10-31,2021-11-01,Crypto-Only,hrp,Crypto-Only HRP,10,True,False,success,0.14862340609585564,0.00014862340609585564
2021-11-30,2021-12-01,Crypto-Only,hrp,Crypto-Only HRP,10,True,False,success,0.18491716671220676,0.00018491716671220678
2021-12-31,2022-01-01,Crypto-Only,hrp,Crypto-Only HRP,10,True,False,success,0.09723989254181471,9.723989254181472e-05
2022-01-31,2022-02-01,Crypto-Only,hrp,Crypto-Only HRP,10,True,False,success,0.18794475208143346,0.00018794475208143345
2022-02-28,2022-03-01,Crypto-Only,hrp,Crypto-Only HRP,10,True,False,success,0.06762215324085538,6.762215324085539e-05
2022-03-31,2022-04-01,Crypto-Only,hrp,Crypto-Only HRP,10,True,False,success,0.041867406139150284,4.186740613915028e-05
2022-04-30,2022-05-01,Crypto-Only,hrp,Crypto-Only HRP,10,True,False,success,0.06162896346245428,6.162896346245428e-05
2022-05-31,2022-06-01,Crypto-Only,hrp,Crypto-Only HRP,10,True,False,success,0.19898821078763568,0.00019898821078763568
2022-06-30,2022-07-01,Crypto-Only,hrp,Crypto-Only HRP,10,True,False,success,0.13954480166161523,0.00013954480166161523
2022-07-31,2022-08-01,Crypto-Only,hrp,Crypto-Only HRP,10,True,False,success,0.1401861782368336,0.0001401861782368336
2022-08-31,2022-09-01,Crypto-Only,hrp,Crypto-Only HRP,10,True,False,success,0.1014769752989644,0.00010147697529896441
2022-09-30,2022-10-01,Crypto-Only,hrp,Crypto-Only HRP,10,True,False,success,0.08172612520346736,8.172612520346737e-05
2022-10-31,2022-11-01,Crypto-Only,hrp,Crypto-Only HRP,10,True,False,success,0.13287370353556727,0.00013287370353556727
2022-11-30,2022-12-01,Crypto-Only,hrp,Crypto-Only HRP,10,True,False,success,0.1574727806766556,0.0001574727806766556
2022-12-31,2023-01-01,Crypto-Only,hrp,Crypto-Only HRP,10,True,False,success,0.042599180764942485,4.259918076494249e-05
2023-01-31,2023-02-01,Crypto-Only,hrp,Crypto-Only HRP,10,True,False,success,0.04276142745190163,4.276142745190163e-05
2023-02-28,2023-03-01,Crypto-Only,hrp,Crypto-Only HRP,10,True,False,success,0.036275796544426975,3.6275796544426976e-05
2023-03-31,2023-04-01,Crypto-Only,hrp,Crypto-Only HRP,10,True,False,success,0.18482998763620367,0.00018482998763620368
2023-04-30,2023-05-01,Crypto-Only,hrp,Crypto-Only HRP,10,True,False,success,0.023487913814993388,2.348791381499339e-05
2023-05-31,2023-06-01,Crypto-Only,hrp,Crypto-Only HRP,10,True,False,success,0.10092208432758479,0.00010092208432758478
2023-06-30,2023-07-01,Crypto-Only,hrp,Crypto-Only HRP,10,True,False,success,0.13415588957466074,0.00013415588957466074
2023-07-31,2023-08-01,Crypto-Only,hrp,Crypto-Only HRP,10,True,False,success,0.16996387318529765,0.00016996387318529767
2023-08-31,2023-09-01,Crypto-Only,hrp,Crypto-Only HRP,10,True,False,success,0.06461213051232163,6.461213051232164e-05
2023-09-30,2023-10-01,Crypto-Only,hrp,Crypto-Only HRP,10,True,False,success,0.06220072970936637,6.220072970936637e-05
2023-10-31,2023-11-01,Crypto-Only,hrp,Crypto-Only HRP,10,True,False,success,0.02670015385291899,2.670015385291899e-05
2023-11-30,2023-12-01,Crypto-Only,hrp,Crypto-Only HRP,10,True,False,success,0.07209584806118355,7.209584806118355e-05
2020-12-31,2021-01-04,Combined,equal_weight,Combined Equal Weight,60,True,False,success,1.0,0.001
2021-01-29,2021-02-01,Combined,equal_weight,Combined Equal Weight,60,True,False,success,0.04573546134831939,4.573546134831939e-05
2021-02-26,2021-03-01,Combined,equal_weight,Combined Equal Weight,60,True,False,success,0.06775775218129504,6.775775218129504e-05
2021-03-31,2021-04-01,Combined,equal_weight,Combined Equal Weight,60,True,False,success,0.03509260108878919,3.509260108878919e-05
2021-04-30,2021-05-03,Combined,equal_weight,Combined Equal Weight,60,True,False,success,0.07475824087043022,7.475824087043021e-05
2021-05-28,2021-06-01,Combined,equal_weight,Combined Equal Weight,60,True,False,success,0.04172174268939163,4.172174268939163e-05
2021-06-30,2021-07-01,Combined,equal_weight,Combined Equal Weight,60,True,False,success,0.0490397425935242,4.90397425935242e-05
2021-07-30,2021-08-02,Combined,equal_weight,Combined Equal Weight,60,True,False,success,0.024451784671162914,2.4451784671162915e-05
2021-08-31,2021-09-01,Combined,equal_weight,Combined Equal Weight,60,True,False,success,0.040609463330625845,4.060946333062584e-05
2021-09-30,2021-10-01,Combined,equal_weight,Combined Equal Weight,60,True,False,success,0.034295724698834344,3.4295724698834345e-05
2021-10-29,2021-11-01,Combined,equal_weight,Combined Equal Weight,60,True,False,success,0.03517030755448464,3.517030755448464e-05
2021-11-30,2021-12-01,Combined,equal_weight,Combined Equal Weight,60,True,False,success,0.03591605717422464,3.5916057174224644e-05
2021-12-31,2022-01-03,Combined,equal_weight,Combined Equal Weight,60,True,False,success,0.03913507795630393,3.913507795630393e-05
2022-01-31,2022-02-01,Combined,equal_weight,Combined Equal Weight,60,True,False,success,0.05460812741029579,5.460812741029579e-05
2022-02-28,2022-03-01,Combined,equal_weight,Combined Equal Weight,60,True,False,success,0.04159250723406856,4.159250723406856e-05
2022-03-31,2022-04-01,Combined,equal_weight,Combined Equal Weight,60,True,False,success,0.032976019303242336,3.297601930324234e-05
2022-04-29,2022-05-02,Combined,equal_weight,Combined Equal Weight,60,True,False,success,0.04480745837108988,4.4807458371089884e-05
2022-05-31,2022-06-01,Combined,equal_weight,Combined Equal Weight,60,True,False,success,0.06687277616482931,6.687277616482931e-05
2022-06-30,2022-07-01,Combined,equal_weight,Combined Equal Weight,60,True,False,success,0.043922040067420655,4.392204006742066e-05
2022-07-29,2022-08-01,Combined,equal_weight,Combined Equal Weight,60,True,False,success,0.038019354849486396,3.80193548494864e-05
2022-08-31,2022-09-01,Combined,equal_weight,Combined Equal Weight,60,True,False,success,0.026334939747044612,2.6334939747044612e-05
2022-09-30,2022-10-03,Combined,equal_weight,Combined Equal Weight,60,True,False,success,0.039773523623010204,3.9773523623010206e-05
2022-10-31,2022-11-01,Combined,equal_weight,Combined Equal Weight,60,True,False,success,0.03886837796847359,3.886837796847359e-05
2022-11-30,2022-12-01,Combined,equal_weight,Combined Equal Weight,60,True,False,success,0.034334752832109655,3.4334752832109654e-05
2022-12-30,2023-01-03,Combined,equal_weight,Combined Equal Weight,60,True,False,success,0.02870718149354703,2.8707181493547033e-05
2023-01-31,2023-02-01,Combined,equal_weight,Combined Equal Weight,60,True,False,success,0.036508992597519885,3.650899259751989e-05
2023-02-28,2023-03-01,Combined,equal_weight,Combined Equal Weight,60,True,False,success,0.021301805022005044,2.1301805022005045e-05
2023-03-31,2023-04-03,Combined,equal_weight,Combined Equal Weight,60,True,False,success,0.034689380461221817,3.468938046122182e-05
2023-04-28,2023-05-01,Combined,equal_weight,Combined Equal Weight,60,True,False,success,0.021714900495798196,2.1714900495798197e-05
2023-05-31,2023-06-01,Combined,equal_weight,Combined Equal Weight,60,True,False,success,0.031125691028957972,3.112569102895797e-05
2023-06-30,2023-07-03,Combined,equal_weight,Combined Equal Weight,60,True,False,success,0.04414629574385217,4.414629574385217e-05
2023-07-31,2023-08-01,Combined,equal_weight,Combined Equal Weight,60,True,False,success,0.03050915640931893,3.050915640931893e-05
2023-08-31,2023-09-01,Combined,equal_weight,Combined Equal Weight,60,True,False,success,0.03277279687160009,3.277279687160009e-05
2023-09-29,2023-10-02,Combined,equal_weight,Combined Equal Weight,60,True,False,success,0.02666803470789437,2.6668034707894368e-05
2023-10-31,2023-11-01,Combined,equal_weight,Combined Equal Weight,60,True,False,success,0.023323841287453018,2.332384128745302e-05
2023-11-30,2023-12-01,Combined,equal_weight,Combined Equal Weight,60,True,False,success,0.032786079238401836,3.278607923840184e-05
2020-12-31,2021-01-04,Combined,minimum_variance,Combined Minimum Variance,60,True,False,success,1.0,0.001
2021-01-29,2021-02-01,Combined,minimum_variance,Combined Minimum Variance,60,True,False,success,0.05633442017179808,5.633442017179808e-05
2021-02-26,2021-03-01,Combined,minimum_variance,Combined Minimum Variance,60,True,False,success,0.09621427339140909,9.621427339140909e-05
2021-03-31,2021-04-01,Combined,minimum_variance,Combined Minimum Variance,60,True,False,success,0.3007281195040185,0.0003007281195040185
2021-04-30,2021-05-03,Combined,minimum_variance,Combined Minimum Variance,60,True,False,success,0.2007533157310467,0.00020075331573104672
2021-05-28,2021-06-01,Combined,minimum_variance,Combined Minimum Variance,60,True,False,success,0.11460204985670869,0.00011460204985670868
2021-06-30,2021-07-01,Combined,minimum_variance,Combined Minimum Variance,60,True,False,success,0.20051227667634522,0.0002005122766763452
2021-07-30,2021-08-02,Combined,minimum_variance,Combined Minimum Variance,60,True,False,success,0.07265580353251215,7.265580353251215e-05
2021-08-31,2021-09-01,Combined,minimum_variance,Combined Minimum Variance,60,True,False,success,0.0543853666582418,5.43853666582418e-05
2021-09-30,2021-10-01,Combined,minimum_variance,Combined Minimum Variance,60,True,False,success,0.19388383586381305,0.00019388383586381306
2021-10-29,2021-11-01,Combined,minimum_variance,Combined Minimum Variance,60,True,False,success,0.20985647501710822,0.0002098564750171082
2021-11-30,2021-12-01,Combined,minimum_variance,Combined Minimum Variance,60,True,False,success,0.19617789705499072,0.00019617789705499072
2021-12-31,2022-01-03,Combined,minimum_variance,Combined Minimum Variance,60,True,False,success,0.13049464755982443,0.00013049464755982444
2022-01-31,2022-02-01,Combined,minimum_variance,Combined Minimum Variance,60,True,False,success,0.2939699677166724,0.0002939699677166724
2022-02-28,2022-03-01,Combined,minimum_variance,Combined Minimum Variance,60,True,False,success,0.27807308545059917,0.00027807308545059917
2022-03-31,2022-04-01,Combined,minimum_variance,Combined Minimum Variance,60,True,False,success,0.13936368689084894,0.00013936368689084893
2022-04-29,2022-05-02,Combined,minimum_variance,Combined Minimum Variance,60,True,False,success,0.2342752761353138,0.0002342752761353138
2022-05-31,2022-06-01,Combined,minimum_variance,Combined Minimum Variance,60,True,False,success,0.24608330036121295,0.000246083300361213
2022-06-30,2022-07-01,Combined,minimum_variance,Combined Minimum Variance,60,True,False,success,0.1298524589107052,0.00012985245891070522
2022-07-29,2022-08-01,Combined,minimum_variance,Combined Minimum Variance,60,True,False,success,0.06717626679719499,6.7176266797195e-05
2022-08-31,2022-09-01,Combined,minimum_variance,Combined Minimum Variance,60,True,False,success,0.1661835580570301,0.00016618355805703012
2022-09-30,2022-10-03,Combined,minimum_variance,Combined Minimum Variance,60,True,False,success,0.18441758271160386,0.00018441758271160386
2022-10-31,2022-11-01,Combined,minimum_variance,Combined Minimum Variance,60,True,False,success,0.14823406427090036,0.00014823406427090036
2022-11-30,2022-12-01,Combined,minimum_variance,Combined Minimum Variance,60,True,False,success,0.16191492135707033,0.00016191492135707035
2022-12-30,2023-01-03,Combined,minimum_variance,Combined Minimum Variance,60,True,False,success,0.07059197782764946,7.059197782764946e-05
2023-01-31,2023-02-01,Combined,minimum_variance,Combined Minimum Variance,60,True,False,success,0.08311124139183118,8.311124139183118e-05
2023-02-28,2023-03-01,Combined,minimum_variance,Combined Minimum Variance,60,True,False,success,0.11822554909464031,0.00011822554909464031
2023-03-31,2023-04-03,Combined,minimum_variance,Combined Minimum Variance,60,True,False,success,0.10783470106941684,0.00010783470106941685
2023-04-28,2023-05-01,Combined,minimum_variance,Combined Minimum Variance,60,True,False,success,0.09850860832033444,9.850860832033444e-05
2023-05-31,2023-06-01,Combined,minimum_variance,Combined Minimum Variance,60,True,False,success,0.2050845252133326,0.00020508452521333259
2023-06-30,2023-07-03,Combined,minimum_variance,Combined Minimum Variance,60,True,False,success,0.17098551122616107,0.00017098551122616108
2023-07-31,2023-08-01,Combined,minimum_variance,Combined Minimum Variance,60,True,False,success,0.04299202835531904,4.299202835531904e-05
2023-08-31,2023-09-01,Combined,minimum_variance,Combined Minimum Variance,60,True,False,success,0.11898093708223038,0.00011898093708223039
2023-09-29,2023-10-02,Combined,minimum_variance,Combined Minimum Variance,60,True,False,success,0.12268472349378984,0.00012268472349378983
2023-10-31,2023-11-01,Combined,minimum_variance,Combined Minimum Variance,60,True,False,success,0.17938957761412416,0.00017938957761412416
2023-11-30,2023-12-01,Combined,minimum_variance,Combined Minimum Variance,60,True,False,success,0.14972657294562342,0.0001497265729456234
2020-12-31,2021-01-04,Combined,maximum_sharpe,Combined Maximum Sharpe,60,True,False,success,1.0,0.001
2021-01-29,2021-02-01,Combined,maximum_sharpe,Combined Maximum Sharpe,60,True,False,success,0.24572685298207186,0.0002457268529820719
2021-02-26,2021-03-01,Combined,maximum_sharpe,Combined Maximum Sharpe,60,True,False,success,0.4802917571600707,0.00048029175716007074
2021-03-31,2021-04-01,Combined,maximum_sharpe,Combined Maximum Sharpe,60,True,False,success,0.5369353940625924,0.0005369353940625924
2021-04-30,2021-05-03,Combined,maximum_sharpe,Combined Maximum Sharpe,60,True,False,success,0.3668370574992311,0.00036683705749923114
2021-05-28,2021-06-01,Combined,maximum_sharpe,Combined Maximum Sharpe,60,True,False,success,0.3511218138774974,0.00035112181387749743
2021-06-30,2021-07-01,Combined,maximum_sharpe,Combined Maximum Sharpe,60,True,False,success,0.49152928302585996,0.00049152928302586
2021-07-30,2021-08-02,Combined,maximum_sharpe,Combined Maximum Sharpe,60,True,False,success,0.20308644222807218,0.0002030864422280722
2021-08-31,2021-09-01,Combined,maximum_sharpe,Combined Maximum Sharpe,60,True,False,success,0.1989292253108455,0.0001989292253108455
2021-09-30,2021-10-01,Combined,maximum_sharpe,Combined Maximum Sharpe,60,True,False,success,0.37967393556448803,0.00037967393556448804
2021-10-29,2021-11-01,Combined,maximum_sharpe,Combined Maximum Sharpe,60,True,False,success,0.43368281431296624,0.00043368281431296625
2021-11-30,2021-12-01,Combined,maximum_sharpe,Combined Maximum Sharpe,60,True,False,success,0.27518215765173704,0.00027518215765173705
2021-12-31,2022-01-03,Combined,maximum_sharpe,Combined Maximum Sharpe,60,True,False,success,0.2573556585366349,0.0002573556585366349
2022-01-31,2022-02-01,Combined,maximum_sharpe,Combined Maximum Sharpe,60,True,False,success,0.2706617991070746,0.0002706617991070746
2022-02-28,2022-03-01,Combined,maximum_sharpe,Combined Maximum Sharpe,60,True,False,success,0.17128859651703965,0.00017128859651703964
2022-03-31,2022-04-01,Combined,maximum_sharpe,Combined Maximum Sharpe,60,True,False,success,0.28710386474851235,0.00028710386474851236
2022-04-29,2022-05-02,Combined,maximum_sharpe,Combined Maximum Sharpe,60,True,False,success,0.4623319184122839,0.0004623319184122839
2022-05-31,2022-06-01,Combined,maximum_sharpe,Combined Maximum Sharpe,60,True,False,success,0.5472875665341081,0.0005472875665341082
2022-06-30,2022-07-01,Combined,maximum_sharpe,Combined Maximum Sharpe,60,True,False,success,0.3556789912951245,0.0003556789912951245
2022-07-29,2022-08-01,Combined,maximum_sharpe,Combined Maximum Sharpe,60,True,False,success,0.24240581281902726,0.00024240581281902726
2022-08-31,2022-09-01,Combined,maximum_sharpe,Combined Maximum Sharpe,60,True,False,success,0.2648502875886303,0.0002648502875886303
2022-09-30,2022-10-03,Combined,maximum_sharpe,Combined Maximum Sharpe,60,True,False,success,0.4787277283143204,0.00047872772831432045
2022-10-31,2022-11-01,Combined,maximum_sharpe,Combined Maximum Sharpe,60,True,False,success,0.6220406572242183,0.0006220406572242183
2022-11-30,2022-12-01,Combined,maximum_sharpe,Combined Maximum Sharpe,60,True,False,success,0.40448449371502904,0.000404484493715029
2022-12-30,2023-01-03,Combined,maximum_sharpe,Combined Maximum Sharpe,60,True,False,success,0.31488358488765833,0.00031488358488765834
2023-01-31,2023-02-01,Combined,maximum_sharpe,Combined Maximum Sharpe,60,True,False,success,0.28369937094006736,0.0002836993709400674
2023-02-28,2023-03-01,Combined,maximum_sharpe,Combined Maximum Sharpe,60,True,False,success,0.23638434714376905,0.00023638434714376904
2023-03-31,2023-04-03,Combined,maximum_sharpe,Combined Maximum Sharpe,60,True,False,success,0.2675626736141268,0.00026756267361412677
2023-04-28,2023-05-01,Combined,maximum_sharpe,Combined Maximum Sharpe,60,True,False,success,0.3670513978637574,0.0003670513978637574
2023-05-31,2023-06-01,Combined,maximum_sharpe,Combined Maximum Sharpe,60,True,False,success,0.337557341375454,0.000337557341375454
2023-06-30,2023-07-03,Combined,maximum_sharpe,Combined Maximum Sharpe,60,True,False,success,0.21638081133744547,0.00021638081133744548
2023-07-31,2023-08-01,Combined,maximum_sharpe,Combined Maximum Sharpe,60,True,False,success,0.12422369327802683,0.00012422369327802683
2023-08-31,2023-09-01,Combined,maximum_sharpe,Combined Maximum Sharpe,60,True,False,success,0.14244283001954117,0.00014244283001954117
2023-09-29,2023-10-02,Combined,maximum_sharpe,Combined Maximum Sharpe,60,True,False,success,0.2369988478349165,0.00023699884783491651
2023-10-31,2023-11-01,Combined,maximum_sharpe,Combined Maximum Sharpe,60,True,False,success,0.23458186125436123,0.00023458186125436124
2023-11-30,2023-12-01,Combined,maximum_sharpe,Combined Maximum Sharpe,60,True,False,success,0.3157381337140181,0.0003157381337140181
2020-12-31,2021-01-04,Combined,hrp,Combined HRP,60,True,False,success,1.0,0.001
2021-01-29,2021-02-01,Combined,hrp,Combined HRP,60,True,False,success,0.06990052824570982,6.990052824570982e-05
2021-02-26,2021-03-01,Combined,hrp,Combined HRP,60,True,False,success,0.07889650029904939,7.889650029904939e-05
2021-03-31,2021-04-01,Combined,hrp,Combined HRP,60,True,False,success,0.13199993450653222,0.0001319999345065322
2021-04-30,2021-05-03,Combined,hrp,Combined HRP,60,True,False,success,0.14677504313769815,0.00014677504313769814
2021-05-28,2021-06-01,Combined,hrp,Combined HRP,60,True,False,success,0.06106575832698718,6.106575832698718e-05
2021-06-30,2021-07-01,Combined,hrp,Combined HRP,60,True,False,success,0.14295634960868542,0.00014295634960868542
2021-07-30,2021-08-02,Combined,hrp,Combined HRP,60,True,False,success,0.10275255848428344,0.00010275255848428345
2021-08-31,2021-09-01,Combined,hrp,Combined HRP,60,True,False,success,0.13536454661484187,0.00013536454661484186
2021-09-30,2021-10-01,Combined,hrp,Combined HRP,60,True,False,success,0.10511280659217072,0.00010511280659217072
2021-10-29,2021-11-01,Combined,hrp,Combined HRP,60,True,False,success,0.08119238660468946,8.119238660468946e-05
2021-11-30,2021-12-01,Combined,hrp,Combined HRP,60,True,False,success,0.14945838035703718,0.00014945838035703717
2021-12-31,2022-01-03,Combined,hrp,Combined HRP,60,True,False,success,0.08631445054522281,8.631445054522281e-05
2022-01-31,2022-02-01,Combined,hrp,Combined HRP,60,True,False,success,0.1207093714391,0.0001207093714391
2022-02-28,2022-03-01,Combined,hrp,Combined HRP,60,True,False,success,0.09597264777904511,9.597264777904512e-05
2022-03-31,2022-04-01,Combined,hrp,Combined HRP,60,True,False,success,0.09991159095404452,9.991159095404451e-05
2022-04-29,2022-05-02,Combined,hrp,Combined HRP,60,True,False,success,0.1407693152524175,0.00014076931525241752
2022-05-31,2022-06-01,Combined,hrp,Combined HRP,60,True,False,success,0.1289666301069955,0.0001289666301069955
2022-06-30,2022-07-01,Combined,hrp,Combined HRP,60,True,False,success,0.14593639504577227,0.00014593639504577227
2022-07-29,2022-08-01,Combined,hrp,Combined HRP,60,True,False,success,0.10561371394776316,0.00010561371394776317
2022-08-31,2022-09-01,Combined,hrp,Combined HRP,60,True,False,success,0.10916573579360728,0.00010916573579360728
2022-09-30,2022-10-03,Combined,hrp,Combined HRP,60,True,False,success,0.11941456668777665,0.00011941456668777665
2022-10-31,2022-11-01,Combined,hrp,Combined HRP,60,True,False,success,0.09598725701889563,9.598725701889563e-05
2022-11-30,2022-12-01,Combined,hrp,Combined HRP,60,True,False,success,0.09848424525747375,9.848424525747375e-05
2022-12-30,2023-01-03,Combined,hrp,Combined HRP,60,True,False,success,0.10000579500239239,0.00010000579500239238
2023-01-31,2023-02-01,Combined,hrp,Combined HRP,60,True,False,success,0.12342404076246294,0.00012342404076246295
2023-02-28,2023-03-01,Combined,hrp,Combined HRP,60,True,False,success,0.11050402166274162,0.00011050402166274163
2023-03-31,2023-04-03,Combined,hrp,Combined HRP,60,True,False,success,0.08110475380826968,8.110475380826967e-05
2023-04-28,2023-05-01,Combined,hrp,Combined HRP,60,True,False,success,0.08348465742586149,8.348465742586149e-05
2023-05-31,2023-06-01,Combined,hrp,Combined HRP,60,True,False,success,0.09261389780369697,9.261389780369698e-05
2023-06-30,2023-07-03,Combined,hrp,Combined HRP,60,True,False,success,0.09390520542923683,9.390520542923683e-05
2023-07-31,2023-08-01,Combined,hrp,Combined HRP,60,True,False,success,0.09994576553330334,9.994576553330334e-05
2023-08-31,2023-09-01,Combined,hrp,Combined HRP,60,True,False,success,0.06358676699223323,6.358676699223323e-05
2023-09-29,2023-10-02,Combined,hrp,Combined HRP,60,True,False,success,0.099405195695938,9.940519569593801e-05
2023-10-31,2023-11-01,Combined,hrp,Combined HRP,60,True,False,success,0.1126243900984096,0.0001126243900984096
2023-11-30,2023-12-01,Combined,hrp,Combined HRP,60,True,False,success,0.10839345913955535,0.00010839345913955536
